KEY,FREQ,CURRENCY,CURRENCY_DENOM,EXR_TYPE,EXR_SUFFIX,TIME_PERIOD,OBS_VALUE,OBS_STATUS,DECIMALS,TITLE,TITLE_COMPL,UNIT
EXR.D.GBP.EUR.SP00.A,D,GBP,EUR,SP00,A,2026-09-21,0.8578,A,5,Pound sterling/Euro ECB reference exchange rate,"ECB reference exchange rate, Pound sterling/Euro, 2.15 pm (C.E.T.)",GBP
EXR.D.GBP.EUR.SP00.A,D,GBP,EUR,SP00,A,2026-09-22,0.8578,A,5,Pound sterling/Euro ECB reference exchange rate,"ECB reference exchange rate, Pound sterling/Euro, 2.15 pm (C.E.T.)",GBP
EXR.D.GBP.EUR.SP00.A,D,GBP,EUR,SP00,A,2026-09-23,0.8595,A,5,Pound sterling/Euro ECB reference exchange rate,"ECB reference exchange rate, Pound sterling/Euro, 2.15 pm (C.E.T.)",GBP
EXR.D.GBP.EUR.SP00.A,D,GBP,EUR,SP00,A,2026-09-24,0.85986,A,5,Pound sterling/Euro ECB reference exchange rate,"ECB reference exchange rate, Pound sterling/Euro, 2.15 pm (C.E.T.)",GBP
EXR.D.GBP.EUR.SP00.A,D,GBP,EUR,SP00,A,2026-09-25,0.86045,A,5,Pound sterling/Euro ECB reference exchange rate,"ECB reference exchange rate, Pound sterling/Euro, 2.15 pm (C.E.T.)",GBP
EXR.D.GBP.EUR.SP00.A,D,GBP,EUR,SP00,A,2026-09-28,0.85785,A,5,Pound sterling/Euro ECB reference exchange rate,"ECB reference exchange rate, Pound sterling/Euro, 2.15 pm (C.E.T.)",GBP
EXR.D.GBP.EUR.SP00.A,D,GBP,EUR,SP00,A,2026-09-29,0.85718,A,5,Pound sterling/Euro ECB reference exchange rate,"ECB reference exchange rate, Pound sterling/Euro, 2.15 pm (C.E.T.)",GBP
EXR.D.GBP.EUR.SP00.A,D,GBP,EUR,SP00,A,2026-09-30,0.85463,A,5,Pound sterling/Euro ECB reference exchange rate,"ECB reference exchange rate, Pound sterling/Euro, 2.15 pm (C.E.T.)",GBP
EXR.D.GBP.EUR.SP00.A,D,GBP,EUR,SP00,A,2026-10-01,0.85373,A,5,Pound sterling/Euro ECB reference exchange rate,"ECB reference exchange rate, Pound sterling/Euro, 2.15 pm (C.E.T.)",GBP
EXR.D.GBP.EUR.SP00.A,D,GBP,EUR,SP00,A,2026-10-02,0.85033,A,5,Pound sterling/Euro ECB reference exchange rate,"ECB reference exchange rate, Pound sterling/Euro, 2.15 pm (C.E.T.)",GBP
EXR.D.PLN.EUR.SP00.A,D,PLN,EUR,SP00,A,2026-09-21,4.353,A,4,Polish zloty/Euro ECB reference exchange rate,"ECB reference exchange rate, Polish zloty/Euro, 2.15 pm (C.E.T.)",PLN
EXR.D.PLN.EUR.SP00.A,D,PLN,EUR,SP00,A,2026-09-22,4.348,A,4,Polish zloty/Euro ECB reference exchange rate,"ECB reference exchange rate, Polish zloty/Euro, 2.15 pm (C.E.T.)",PLN
EXR.D.PLN.EUR.SP00.A,D,PLN,EUR,SP00,A,2026-09-23,4.3765,A,4,Polish zloty/Euro ECB reference exchange rate,"ECB reference exchange rate, Polish zloty/Euro, 2.15 pm (C.E.T.)",PLN
EXR.D.PLN.EUR.SP00.A,D,PLN,EUR,SP00,A,2026-09-24,4.3823,A,4,Polish zloty/Euro ECB reference exchange rate,"ECB reference exchange rate, Polish zloty/Euro, 2.15 pm (C.E.T.)",PLN
EXR.D.PLN.EUR.SP00.A,D,PLN,EUR,SP00,A,2026-09-25,4.3718,A,4,Polish zloty/Euro ECB reference exchange rate,"ECB reference exchange rate, Polish zloty/Euro, 2.15 pm (C.E.T.)",PLN
EXR.D.PLN.EUR.SP00.A,D,PLN,EUR,SP00,A,2026-09-28,4.373,A,4,Polish zloty/Euro ECB reference exchange rate,"ECB reference exchange rate, Polish zloty/Euro, 2.15 pm (C.E.T.)",PLN
EXR.D.PLN.EUR.SP00.A,D,PLN,EUR,SP00,A,2026-09-29,4.3653,A,4,Polish zloty/Euro ECB reference exchange rate,"ECB reference exchange rate, Polish zloty/Euro, 2.15 pm (C.E.T.)",PLN
EXR.D.PLN.EUR.SP00.A,D,PLN,EUR,SP00,A,2026-09-30,4.369,A,4,Polish zloty/Euro ECB reference exchange rate,"ECB reference exchange rate, Polish zloty/Euro, 2.15 pm (C.E.T.)",PLN
EXR.D.PLN.EUR.SP00.A,D,PLN,EUR,SP00,A,2026-10-01,4.3735,A,4,Polish zloty/Euro ECB reference exchange rate,"ECB reference exchange rate, Polish zloty/Euro, 2.15 pm (C.E.T.)",PLN
EXR.D.PLN.EUR.SP00.A,D,PLN,EUR,SP00,A,2026-10-02,4.3775,A,4,Polish zloty/Euro ECB reference exchange rate,"ECB reference exchange rate, Polish zloty/Euro, 2.15 pm (C.E.T.)",PLN
EXR.D.USD.EUR.SP00.A,D,USD,EUR,SP00,A,2026-09-21,1.149,A,4,US dollar/Euro ECB reference exchange rate,"ECB reference exchange rate, US dollar/Euro, 2.15 pm (C.E.T.)",USD
EXR.D.USD.EUR.SP00.A,D,USD,EUR,SP00,A,2026-09-22,1.1463,A,4,US dollar/Euro ECB reference exchange rate,"ECB reference exchange rate, US dollar/Euro, 2.15 pm (C.E.T.)",USD
EXR.D.USD.EUR.SP00.A,D,USD,EUR,SP00,A,2026-09-23,1.1411,A,4,US dollar/Euro ECB reference exchange rate,"ECB reference exchange rate, US dollar/Euro, 2.15 pm (C.E.T.)",USD
EXR.D.USD.EUR.SP00.A,D,USD,EUR,SP00,A,2026-09-24,1.1367,A,4,US dollar/Euro ECB reference exchange rate,"ECB reference exchange rate, US dollar/Euro, 2.15 pm (C.E.T.)",USD
EXR.D.USD.EUR.SP00.A,D,USD,EUR,SP00,A,2026-09-25,1.1403,A,4,US dollar/Euro ECB reference exchange rate,"ECB reference exchange rate, US dollar/Euro, 2.15 pm (C.E.T.)",USD
EXR.D.USD.EUR.SP00.A,D,USD,EUR,SP00,A,2026-09-28,1.1378,A,4,US dollar/Euro ECB reference exchange rate,"ECB reference exchange rate, US dollar/Euro, 2.15 pm (C.E.T.)",USD
EXR.D.USD.EUR.SP00.A,D,USD,EUR,SP00,A,2026-09-29,1.1355,A,4,US dollar/Euro ECB reference exchange rate,"ECB reference exchange rate, US dollar/Euro, 2.15 pm (C.E.T.)",USD
EXR.D.USD.EUR.SP00.A,D,USD,EUR,SP00,A,2026-09-30,1.1355,A,4,US dollar/Euro ECB reference exchange rate,"ECB reference exchange rate, US dollar/Euro, 2.15 pm (C.E.T.)",USD
EXR.D.USD.EUR.SP00.A,D,USD,EUR,SP00,A,2026-10-01,1.1298,A,4,US dollar/Euro ECB reference exchange rate,"ECB reference exchange rate, US dollar/Euro, 2.15 pm (C.E.T.)",USD
EXR.D.USD.EUR.SP00.A,D,USD,EUR,SP00,A,2026-10-02,1.1225,A,4,US dollar/Euro ECB reference exchange rate,"ECB reference exchange rate, US dollar/Euro, 2.15 pm (C.E.T.)",USD
